buoy_id,time,buoy_name,latitude,longitude,wave_height
41001,2011-06-28 20:00:00,41001 150 NM East of Cape HATTERAS,34.675,-72.698,1.83
41001,2011-06-29 17:00:00,41001 150 NM East of Cape HATTERAS,34.675,-72.698,1.99
41001,2011-06-29 18:00:00,41001 150 NM East of Cape HATTERAS,34.675,-72.698,2.3
41001,2011-06-29 19:00:00,41001 150 NM East of Cape HATTERAS,34.675,-72.698,2.41
41001,2011-06-29 21:00:00,41001 150 NM East of Cape HATTERAS,34.675,-72.698,2.22
41001,2011-06-29 22:00:00,41001 150 NM East of Cape HATTERAS,34.675,-72.698,2.3
41001,2011-06-30 08:00:00,41001 150 NM East of Cape HATTERAS,34.675,-72.698,2.41
41001,2011-06-30 11:00:00,41001 150 NM East of Cape HATTERAS,34.675,-72.698,1.76
41001,2011-06-30 17:00:00,41001 150 NM East of Cape HATTERAS,34.675,-72.698,1.55
41001,2011-06-30 19:00:00,41001 150 NM East of Cape HATTERAS,34.675,-72.698,1.46
41001,2011-06-30 21:00:00,41001 150 NM East of Cape HATTERAS,34.675,-72.698,1.57
41001,2011-06-30 22:00:00,41001 150 NM East of Cape HATTERAS,34.675,-72.698,1.3
41001,2011-07-01 00:00:00,41001 150 NM East of Cape HATTERAS,34.675,-72.698,1.37
41001,2011-07-01 03:00:00,41001 150 NM East of Cape HATTERAS,34.675,-72.698,1.31
41001,2011-07-01 06:00:00,41001 150 NM East of Cape HATTERAS,34.675,-72.698,1.23
41001,2011-07-01 08:00:00,41001 150 NM East of Cape HATTERAS,34.675,-72.698,1.14
41001,2011-07-01 14:00:00,41001 150 NM East of Cape HATTERAS,34.675,-72.698,0.95
41001,2011-07-01 15:00:00,41001 150 NM East of Cape HATTERAS,34.675,-72.698,0.91
41001,2011-07-01 16:00:00,41001 150 NM East of Cape HATTERAS,34.675,-72.698,0.89
41001,2011-07-01 18:00:00,41001 150 NM East of Cape HATTERAS,34.675,-72.698,0.84
41001,2011-07-02 13:00:00,41001 150 NM East of Cape HATTERAS,34.675,-72.698,0.87
41001,2011-07-02 16:00:00,41001 150 NM East of Cape HATTERAS,34.675,-72.698,0.85
41001,2011-07-02 17:00:00,41001 150 NM East of Cape HATTERAS,34.675,-72.698,0.93
41001,2011-07-02 18:00:00,41001 150 NM East of Cape HATTERAS,34.675,-72.698,0.96
41001,2011-07-02 19:00:00,41001 150 NM East of Cape HATTERAS,34.675,-72.698,0.84
41004,2011-06-28 20:00:00,"41 NM Southeast of Charleston, SC",32.501,-79.099,0.91
41004,2011-06-29 17:00:00,"41 NM Southeast of Charleston, SC",32.501,-79.099,1.12
41004,2011-06-29 18:00:00,"41 NM Southeast of Charleston, SC",32.501,-79.099,0.99
41004,2011-06-29 19:00:00,"41 NM Southeast of Charleston, SC",32.501,-79.099,1.05
41004,2011-06-29 21:00:00,"41 NM Southeast of Charleston, SC",32.501,-79.099,1.01
41004,2011-06-29 22:00:00,"41 NM Southeast of Charleston, SC",32.501,-79.099,1.04
41004,2011-06-30 08:00:00,"41 NM Southeast of Charleston, SC",32.501,-79.099,0.99
41004,2011-06-30 11:00:00,"41 NM Southeast of Charleston, SC",32.501,-79.099,0.78
41004,2011-06-30 17:00:00,"41 NM Southeast of Charleston, SC",32.501,-79.099,0.74
41004,2011-06-30 19:00:00,"41 NM Southeast of Charleston, SC",32.501,-79.099,0.67
41004,2011-06-30 21:00:00,"41 NM Southeast of Charleston, SC",32.501,-79.099,0.67
41004,2011-06-30 22:00:00,"41 NM Southeast of Charleston, SC",32.501,-79.099,0.66
41004,2011-07-01 00:00:00,"41 NM Southeast of Charleston, SC",32.501,-79.099,0.71
41004,2011-07-01 03:00:00,"41 NM Southeast of Charleston, SC",32.501,-79.099,0.74
41004,2011-07-01 06:00:00,"41 NM Southeast of Charleston, SC",32.501,-79.099,0.79
41004,2011-07-01 08:00:00,"41 NM Southeast of Charleston, SC",32.501,-79.099,0.78
41004,2011-07-01 14:00:00,"41 NM Southeast of Charleston, SC",32.501,-79.099,0.65
41004,2011-07-01 15:00:00,"41 NM Southeast of Charleston, SC",32.501,-79.099,0.68
41004,2011-07-01 16:00:00,"41 NM Southeast of Charleston, SC",32.501,-79.099,0.73
41004,2011-07-01 18:00:00,"41 NM Southeast of Charleston, SC",32.501,-79.099,0.69
41004,2011-07-02 13:00:00,"41 NM Southeast of Charleston, SC",32.501,-79.099,0.72
41004,2011-07-02 16:00:00,"41 NM Southeast of Charleston, SC",32.501,-79.099,0.7
41004,2011-07-02 17:00:00,"41 NM Southeast of Charleston, SC",32.501,-79.099,0.69
41004,2011-07-02 18:00:00,"41 NM Southeast of Charleston, SC",32.501,-79.099,0.68
41004,2011-07-02 19:00:00,"41 NM Southeast of Charleston, SC",32.501,-79.099,0.69
41008,2011-06-28 20:00:00,"40 NM Southeast of Savannah, GA",31.402,-80.869,0.6
41008,2011-06-29 17:00:00,"40 NM Southeast of Savannah, GA",31.402,-80.869,0.59
41008,2011-06-29 18:00:00,"40 NM Southeast of Savannah, GA",31.402,-80.869,0.6
41008,2011-06-29 19:00:00,"40 NM Southeast of Savannah, GA",31.402,-80.869,0.63
41008,2011-06-29 21:00:00,"40 NM Southeast of Savannah, GA",31.402,-80.869,0.89
41008,2011-06-29 22:00:00,"40 NM Southeast of Savannah, GA",31.402,-80.869,0.97
41008,2011-06-30 08:00:00,"40 NM Southeast of Savannah, GA",31.402,-80.869,0.86
41008,2011-06-30 11:00:00,"40 NM Southeast of Savannah, GA",31.402,-80.869,0.84
41008,2011-06-30 17:00:00,"40 NM Southeast of Savannah, GA",31.402,-80.869,0.62
41008,2011-06-30 19:00:00,"40 NM Southeast of Savannah, GA",31.402,-80.869,0.66
41008,2011-06-30 21:00:00,"40 NM Southeast of Savannah, GA",31.402,-80.869,0.67
41008,2011-06-30 22:00:00,"40 NM Southeast of Savannah, GA",31.402,-80.869,0.68
41008,2011-07-01 00:00:00,"40 NM Southeast of Savannah, GA",31.402,-80.869,0.67
41008,2011-07-01 03:00:00,"40 NM Southeast of Savannah, GA",31.402,-80.869,0.56
41008,2011-07-01 06:00:00,"40 NM Southeast of Savannah, GA",31.402,-80.869,0.57
41008,2011-07-01 08:00:00,"40 NM Southeast of Savannah, GA",31.402,-80.869,0.6
41008,2011-07-01 14:00:00,"40 NM Southeast of Savannah, GA",31.402,-80.869,0.56
41008,2011-07-01 15:00:00,"40 NM Southeast of Savannah, GA",31.402,-80.869,0.53
41008,2011-07-01 16:00:00,"40 NM Southeast of Savannah, GA",31.402,-80.869,0.53
41008,2011-07-01 18:00:00,"40 NM Southeast of Savannah, GA",31.402,-80.869,0.54
41008,2011-07-02 13:00:00,"40 NM Southeast of Savannah, GA",31.402,-80.869,0.61
41008,2011-07-02 16:00:00,"40 NM Southeast of Savannah, GA",31.402,-80.869,0.5
41008,2011-07-02 17:00:00,"40 NM Southeast of Savannah, GA",31.402,-80.869,0.57
41008,2011-07-02 18:00:00,"40 NM Southeast of Savannah, GA",31.402,-80.869,0.61
41008,2011-07-02 19:00:00,"40 NM Southeast of Savannah, GA",31.402,-80.869,0.65
41009,2011-06-28 20:00:00,"41009 CANAVERAL 20 NM East of Cape Canaveral, FL",28.519,-80.166,0.445
41009,2011-06-29 17:00:00,"41009 CANAVERAL 20 NM East of Cape Canaveral, FL",28.519,-80.166,0.59
41009,2011-06-29 18:00:00,"41009 CANAVERAL 20 NM East of Cape Canaveral, FL",28.519,-80.166,0.525
41009,2011-06-29 19:00:00,"41009 CANAVERAL 20 NM East of Cape Canaveral, FL",28.519,-80.166,0.49
41009,2011-06-29 21:00:00,"41009 CANAVERAL 20 NM East of Cape Canaveral, FL",28.519,-80.166,0.53
41009,2011-06-29 22:00:00,"41009 CANAVERAL 20 NM East of Cape Canaveral, FL",28.519,-80.166,0.485
41009,2011-06-30 08:00:00,"41009 CANAVERAL 20 NM East of Cape Canaveral, FL",28.519,-80.166,0.865
41009,2011-06-30 11:00:00,"41009 CANAVERAL 20 NM East of Cape Canaveral, FL",28.519,-80.166,0.75
41009,2011-06-30 17:00:00,"41009 CANAVERAL 20 NM East of Cape Canaveral, FL",28.519,-80.166,0.645
41009,2011-06-30 19:00:00,"41009 CANAVERAL 20 NM East of Cape Canaveral, FL",28.519,-80.166,0.59
41009,2011-06-30 21:00:00,"41009 CANAVERAL 20 NM East of Cape Canaveral, FL",28.519,-80.166,0.535
41009,2011-06-30 22:00:00,"41009 CANAVERAL 20 NM East of Cape Canaveral, FL",28.519,-80.166,0.75
41009,2011-07-01 00:00:00,"41009 CANAVERAL 20 NM East of Cape Canaveral, FL",28.519,-80.166,0.9
41009,2011-07-01 03:00:00,"41009 CANAVERAL 20 NM East of Cape Canaveral, FL",28.519,-80.166,0.75
41009,2011-07-01 06:00:00,"41009 CANAVERAL 20 NM East of Cape Canaveral, FL",28.519,-80.166,0.685
41009,2011-07-01 08:00:00,"41009 CANAVERAL 20 NM East of Cape Canaveral, FL",28.519,-80.166,0.69
41009,2011-07-01 14:00:00,"41009 CANAVERAL 20 NM East of Cape Canaveral, FL",28.519,-80.166,0.475
41009,2011-07-01 15:00:00,"41009 CANAVERAL 20 NM East of Cape Canaveral, FL",28.519,-80.166,0.46
41009,2011-07-01 16:00:00,"41009 CANAVERAL 20 NM East of Cape Canaveral, FL",28.519,-80.166,0.44999999999999996
41009,2011-07-01 18:00:00,"41009 CANAVERAL 20 NM East of Cape Canaveral, FL",28.519,-80.166,0.37
41009,2011-07-02 13:00:00,"41009 CANAVERAL 20 NM East of Cape Canaveral, FL",28.519,-80.166,0.6
41009,2011-07-02 16:00:00,"41009 CANAVERAL 20 NM East of Cape Canaveral, FL",28.519,-80.166,0.6
41009,2011-07-02 17:00:00,"41009 CANAVERAL 20 NM East of Cape Canaveral, FL",28.519,-80.166,0.5700000000000001
41009,2011-07-02 18:00:00,"41009 CANAVERAL 20 NM East of Cape Canaveral, FL",28.519,-80.166,0.615
41009,2011-07-02 19:00:00,"41009 CANAVERAL 20 NM East of Cape Canaveral, FL",28.519,-80.166,0.61
41010,2011-06-28 20:00:00,41010 CANAVERAL EAST 120NM East of Cape Canaveral,28.906,-78.471,0.725
41010,2011-06-29 17:00:00,41010 CANAVERAL EAST 120NM East of Cape Canaveral,28.906,-78.471,1.0899999999999999
41010,2011-06-29 18:00:00,41010 CANAVERAL EAST 120NM East of Cape Canaveral,28.906,-78.471,1.05
41010,2011-06-29 19:00:00,41010 CANAVERAL EAST 120NM East of Cape Canaveral,28.906,-78.471,1.05
41010,2011-06-29 21:00:00,41010 CANAVERAL EAST 120NM East of Cape Canaveral,28.906,-78.471,1.0350000000000001
41010,2011-06-29 22:00:00,41010 CANAVERAL EAST 120NM East of Cape Canaveral,28.906,-78.471,1.0
41010,2011-06-30 08:00:00,41010 CANAVERAL EAST 120NM East of Cape Canaveral,28.906,-78.471,1.085
41010,2011-06-30 11:00:00,41010 CANAVERAL EAST 120NM East of Cape Canaveral,28.906,-78.471,1.48
41010,2011-06-30 17:00:00,41010 CANAVERAL EAST 120NM East of Cape Canaveral,28.906,-78.471,1.6600000000000001
41010,2011-06-30 19:00:00,41010 CANAVERAL EAST 120NM East of Cape Canaveral,28.906,-78.471,1.51
41010,2011-06-30 21:00:00,41010 CANAVERAL EAST 120NM East of Cape Canaveral,28.906,-78.471,1.4
41010,2011-06-30 22:00:00,41010 CANAVERAL EAST 120NM East of Cape Canaveral,28.906,-78.471,1.345
41010,2011-07-01 00:00:00,41010 CANAVERAL EAST 120NM East of Cape Canaveral,28.906,-78.471,1.4449999999999998
41010,2011-07-01 03:00:00,41010 CANAVERAL EAST 120NM East of Cape Canaveral,28.906,-78.471,1.45
41010,2011-07-01 06:00:00,41010 CANAVERAL EAST 120NM East of Cape Canaveral,28.906,-78.471,1.4
41010,2011-07-01 08:00:00,41010 CANAVERAL EAST 120NM East of Cape Canaveral,28.906,-78.471,1.35
41010,2011-07-01 14:00:00,41010 CANAVERAL EAST 120NM East of Cape Canaveral,28.906,-78.471,1.42
41010,2011-07-01 15:00:00,41010 CANAVERAL EAST 120NM East of Cape Canaveral,28.906,-78.471,1.31
41010,2011-07-01 16:00:00,41010 CANAVERAL EAST 120NM East of Cape Canaveral,28.906,-78.471,1.24
41010,2011-07-01 18:00:00,41010 CANAVERAL EAST 120NM East of Cape Canaveral,28.906,-78.471,1.2349999999999999
41010,2011-07-02 13:00:00,41010 CANAVERAL EAST 120NM East of Cape Canaveral,28.906,-78.471,1.105
41010,2011-07-02 16:00:00,41010 CANAVERAL EAST 120NM East of Cape Canaveral,28.906,-78.471,1.19
41010,2011-07-02 17:00:00,41010 CANAVERAL EAST 120NM East of Cape Canaveral,28.906,-78.471,1.105
41010,2011-07-02 18:00:00,41010 CANAVERAL EAST 120NM East of Cape Canaveral,28.906,-78.471,1.105
41010,2011-07-02 19:00:00,41010 CANAVERAL EAST 120NM East of Cape Canaveral,28.906,-78.471,1.1949999999999998
41012,2011-06-28 20:00:00,"41012 St. Augustine, FL 40NM ENE of St Augustine, FL.",30.041,-80.533,0.36
41012,2011-06-29 17:00:00,"41012 St. Augustine, FL 40NM ENE of St Augustine, FL.",30.041,-80.533,0.51
41012,2011-06-29 18:00:00,"41012 St. Augustine, FL 40NM ENE of St Augustine, FL.",30.041,-80.533,0.75
41012,2011-06-29 19:00:00,"41012 St. Augustine, FL 40NM ENE of St Augustine, FL.",30.041,-80.533,1.18
41012,2011-06-29 21:00:00,"41012 St. Augustine, FL 40NM ENE of St Augustine, FL.",30.041,-80.533,1.06
41012,2011-06-29 22:00:00,"41012 St. Augustine, FL 40NM ENE of St Augustine, FL.",30.041,-80.533,1.18
41012,2011-06-30 08:00:00,"41012 St. Augustine, FL 40NM ENE of St Augustine, FL.",30.041,-80.533,0.99
41012,2011-06-30 11:00:00,"41012 St. Augustine, FL 40NM ENE of St Augustine, FL.",30.041,-80.533,0.79
41012,2011-06-30 17:00:00,"41012 St. Augustine, FL 40NM ENE of St Augustine, FL.",30.041,-80.533,0.62
41012,2011-06-30 19:00:00,"41012 St. Augustine, FL 40NM ENE of St Augustine, FL.",30.041,-80.533,0.57
41012,2011-06-30 21:00:00,"41012 St. Augustine, FL 40NM ENE of St Augustine, FL.",30.041,-80.533,0.52
41012,2011-06-30 22:00:00,"41012 St. Augustine, FL 40NM ENE of St Augustine, FL.",30.041,-80.533,0.53
41012,2011-07-01 00:00:00,"41012 St. Augustine, FL 40NM ENE of St Augustine, FL.",30.041,-80.533,0.5
41012,2011-07-01 03:00:00,"41012 St. Augustine, FL 40NM ENE of St Augustine, FL.",30.041,-80.533,0.53
41012,2011-07-01 06:00:00,"41012 St. Augustine, FL 40NM ENE of St Augustine, FL.",30.041,-80.533,0.6
41012,2011-07-01 08:00:00,"41012 St. Augustine, FL 40NM ENE of St Augustine, FL.",30.041,-80.533,0.55
41012,2011-07-01 14:00:00,"41012 St. Augustine, FL 40NM ENE of St Augustine, FL.",30.041,-80.533,0.55
41012,2011-07-01 15:00:00,"41012 St. Augustine, FL 40NM ENE of St Augustine, FL.",30.041,-80.533,0.55
41012,2011-07-01 16:00:00,"41012 St. Augustine, FL 40NM ENE of St Augustine, FL.",30.041,-80.533,0.56
41012,2011-07-01 18:00:00,"41012 St. Augustine, FL 40NM ENE of St Augustine, FL.",30.041,-80.533,0.51
41012,2011-07-02 13:00:00,"41012 St. Augustine, FL 40NM ENE of St Augustine, FL.",30.041,-80.533,0.68
41012,2011-07-02 16:00:00,"41012 St. Augustine, FL 40NM ENE of St Augustine, FL.",30.041,-80.533,0.84
41012,2011-07-02 17:00:00,"41012 St. Augustine, FL 40NM ENE of St Augustine, FL.",30.041,-80.533,0.83
41012,2011-07-02 18:00:00,"41012 St. Augustine, FL 40NM ENE of St Augustine, FL.",30.041,-80.533,0.85
41012,2011-07-02 19:00:00,"41012 St. Augustine, FL 40NM ENE of St Augustine, FL.",30.041,-80.533,0.85
41013,2011-06-28 20:00:00,"41013 Frying Pan Shoals, NC",33.436,-77.743,1.31
41013,2011-06-29 17:00:00,"41013 Frying Pan Shoals, NC",33.436,-77.743,1.43
41013,2011-06-29 18:00:00,"41013 Frying Pan Shoals, NC",33.436,-77.743,1.44
41013,2011-06-29 19:00:00,"41013 Frying Pan Shoals, NC",33.436,-77.743,1.46
41013,2011-06-29 21:00:00,"41013 Frying Pan Shoals, NC",33.436,-77.743,1.35
41013,2011-06-29 22:00:00,"41013 Frying Pan Shoals, NC",33.436,-77.743,1.32
41013,2011-06-30 08:00:00,"41013 Frying Pan Shoals, NC",33.436,-77.743,1.23
41013,2011-06-30 11:00:00,"41013 Frying Pan Shoals, NC",33.436,-77.743,1.03
41013,2011-06-30 17:00:00,"41013 Frying Pan Shoals, NC",33.436,-77.743,1.13
41013,2011-06-30 19:00:00,"41013 Frying Pan Shoals, NC",33.436,-77.743,1.02
41013,2011-06-30 21:00:00,"41013 Frying Pan Shoals, NC",33.436,-77.743,0.89
41013,2011-06-30 22:00:00,"41013 Frying Pan Shoals, NC",33.436,-77.743,0.86
41013,2011-07-01 00:00:00,"41013 Frying Pan Shoals, NC",33.436,-77.743,0.73
41013,2011-07-01 03:00:00,"41013 Frying Pan Shoals, NC",33.436,-77.743,0.77
41013,2011-07-01 06:00:00,"41013 Frying Pan Shoals, NC",33.436,-77.743,0.77
41013,2011-07-01 08:00:00,"41013 Frying Pan Shoals, NC",33.436,-77.743,0.8
41013,2011-07-01 14:00:00,"41013 Frying Pan Shoals, NC",33.436,-77.743,0.78
41013,2011-07-01 15:00:00,"41013 Frying Pan Shoals, NC",33.436,-77.743,0.76
41013,2011-07-01 16:00:00,"41013 Frying Pan Shoals, NC",33.436,-77.743,0.71
41013,2011-07-01 18:00:00,"41013 Frying Pan Shoals, NC",33.436,-77.743,0.75
41013,2011-07-02 13:00:00,"41013 Frying Pan Shoals, NC",33.436,-77.743,0.6
41013,2011-07-02 16:00:00,"41013 Frying Pan Shoals, NC",33.436,-77.743,0.69
41013,2011-07-02 17:00:00,"41013 Frying Pan Shoals, NC",33.436,-77.743,0.64
41013,2011-07-02 18:00:00,"41013 Frying Pan Shoals, NC",33.436,-77.743,0.66
41013,2011-07-02 19:00:00,"41013 Frying Pan Shoals, NC",33.436,-77.743,0.73
41025,2011-06-28 20:00:00,41025 Diamond Shoals (Red Buoy),35.006,-75.402,1.43
41025,2011-06-29 17:00:00,41025 Diamond Shoals (Red Buoy),35.006,-75.402,1.13
41025,2011-06-29 18:00:00,41025 Diamond Shoals (Red Buoy),35.006,-75.402,1.23
41025,2011-06-29 19:00:00,41025 Diamond Shoals (Red Buoy),35.006,-75.402,1.24
41025,2011-06-29 21:00:00,41025 Diamond Shoals (Red Buoy),35.006,-75.402,1.19
41025,2011-06-29 22:00:00,41025 Diamond Shoals (Red Buoy),35.006,-75.402,1.26
41025,2011-06-30 08:00:00,41025 Diamond Shoals (Red Buoy),35.006,-75.402,0.87
41025,2011-06-30 11:00:00,41025 Diamond Shoals (Red Buoy),35.006,-75.402,0.93
41025,2011-06-30 17:00:00,41025 Diamond Shoals (Red Buoy),35.006,-75.402,0.94
41025,2011-06-30 19:00:00,41025 Diamond Shoals (Red Buoy),35.006,-75.402,0.93
41025,2011-06-30 21:00:00,41025 Diamond Shoals (Red Buoy),35.006,-75.402,0.87
41025,2011-06-30 22:00:00,41025 Diamond Shoals (Red Buoy),35.006,-75.402,0.88
41025,2011-07-01 00:00:00,41025 Diamond Shoals (Red Buoy),35.006,-75.402,0.89
41025,2011-07-01 03:00:00,41025 Diamond Shoals (Red Buoy),35.006,-75.402,0.78
41025,2011-07-01 06:00:00,41025 Diamond Shoals (Red Buoy),35.006,-75.402,0.8
41025,2011-07-01 08:00:00,41025 Diamond Shoals (Red Buoy),35.006,-75.402,0.76
41025,2011-07-01 14:00:00,41025 Diamond Shoals (Red Buoy),35.006,-75.402,0.74
41025,2011-07-01 15:00:00,41025 Diamond Shoals (Red Buoy),35.006,-75.402,0.77
41025,2011-07-01 16:00:00,41025 Diamond Shoals (Red Buoy),35.006,-75.402,0.79
41025,2011-07-01 18:00:00,41025 Diamond Shoals (Red Buoy),35.006,-75.402,0.69
41025,2011-07-02 13:00:00,41025 Diamond Shoals (Red Buoy),35.006,-75.402,0.87
41025,2011-07-02 16:00:00,41025 Diamond Shoals (Red Buoy),35.006,-75.402,0.75
41025,2011-07-02 17:00:00,41025 Diamond Shoals (Red Buoy),35.006,-75.402,0.7
41025,2011-07-02 18:00:00,41025 Diamond Shoals (Red Buoy),35.006,-75.402,0.73
41025,2011-07-02 19:00:00,41025 Diamond Shoals (Red Buoy),35.006,-75.402,0.7
41035,2011-06-28 20:00:00,"41035 Onslow Bay, NC",34.476,-77.28,1.325
41035,2011-06-29 17:00:00,"41035 Onslow Bay, NC",34.476,-77.28,0.96
41035,2011-06-29 18:00:00,"41035 Onslow Bay, NC",34.476,-77.28,0.9450000000000001
41035,2011-06-29 19:00:00,"41035 Onslow Bay, NC",34.476,-77.28,0.9950000000000001
41035,2011-06-29 21:00:00,"41035 Onslow Bay, NC",34.476,-77.28,1.075
41035,2011-06-29 22:00:00,"41035 Onslow Bay, NC",34.476,-77.28,1.12
41035,2011-06-30 08:00:00,"41035 Onslow Bay, NC",34.476,-77.28,1.04
41035,2011-06-30 11:00:00,"41035 Onslow Bay, NC",34.476,-77.28,0.9299999999999999
41035,2011-06-30 17:00:00,"41035 Onslow Bay, NC",34.476,-77.28,0.705
41035,2011-06-30 19:00:00,"41035 Onslow Bay, NC",34.476,-77.28,0.685
41035,2011-06-30 21:00:00,"41035 Onslow Bay, NC",34.476,-77.28,0.855
41035,2011-06-30 22:00:00,"41035 Onslow Bay, NC",34.476,-77.28,0.89
41035,2011-07-01 00:00:00,"41035 Onslow Bay, NC",34.476,-77.28,0.8
41035,2011-07-01 03:00:00,"41035 Onslow Bay, NC",34.476,-77.28,0.7
41035,2011-07-01 06:00:00,"41035 Onslow Bay, NC",34.476,-77.28,0.665
41035,2011-07-01 08:00:00,"41035 Onslow Bay, NC",34.476,-77.28,0.63
41035,2011-07-01 14:00:00,"41035 Onslow Bay, NC",34.476,-77.28,0.585
41035,2011-07-01 15:00:00,"41035 Onslow Bay, NC",34.476,-77.28,0.545
41035,2011-07-01 16:00:00,"41035 Onslow Bay, NC",34.476,-77.28,0.545
41035,2011-07-01 18:00:00,"41035 Onslow Bay, NC",34.476,-77.28,0.52
41035,2011-07-02 13:00:00,"41035 Onslow Bay, NC",34.476,-77.28,0.585
41035,2011-07-02 16:00:00,"41035 Onslow Bay, NC",34.476,-77.28,0.53
41035,2011-07-02 17:00:00,"41035 Onslow Bay, NC",34.476,-77.28,0.51
41035,2011-07-02 18:00:00,"41035 Onslow Bay, NC",34.476,-77.28,0.54
41035,2011-07-02 19:00:00,"41035 Onslow Bay, NC",34.476,-77.28,0.59
41036,2011-06-28 20:00:00,"41036 Onslow Bay, NC",34.206,-76.952,1.49
41036,2011-06-29 17:00:00,"41036 Onslow Bay, NC",34.206,-76.952,1.39
41036,2011-06-29 18:00:00,"41036 Onslow Bay, NC",34.206,-76.952,1.44
41036,2011-06-29 19:00:00,"41036 Onslow Bay, NC",34.206,-76.952,1.39
41036,2011-06-29 21:00:00,"41036 Onslow Bay, NC",34.206,-76.952,1.51
41036,2011-06-29 22:00:00,"41036 Onslow Bay, NC",34.206,-76.952,1.41
41036,2011-06-30 08:00:00,"41036 Onslow Bay, NC",34.206,-76.952,1.3
41036,2011-06-30 11:00:00,"41036 Onslow Bay, NC",34.206,-76.952,1.18
41036,2011-06-30 17:00:00,"41036 Onslow Bay, NC",34.206,-76.952,0.91
41036,2011-06-30 19:00:00,"41036 Onslow Bay, NC",34.206,-76.952,0.91
41036,2011-06-30 21:00:00,"41036 Onslow Bay, NC",34.206,-76.952,0.88
41036,2011-06-30 22:00:00,"41036 Onslow Bay, NC",34.206,-76.952,0.87
41036,2011-07-01 00:00:00,"41036 Onslow Bay, NC",34.206,-76.952,0.86
41036,2011-07-01 03:00:00,"41036 Onslow Bay, NC",34.206,-76.952,0.81
41036,2011-07-01 06:00:00,"41036 Onslow Bay, NC",34.206,-76.952,0.85
41036,2011-07-01 08:00:00,"41036 Onslow Bay, NC",34.206,-76.952,0.76
41036,2011-07-01 14:00:00,"41036 Onslow Bay, NC",34.206,-76.952,0.67
41036,2011-07-01 15:00:00,"41036 Onslow Bay, NC",34.206,-76.952,0.67
41036,2011-07-01 16:00:00,"41036 Onslow Bay, NC",34.206,-76.952,0.67
41036,2011-07-01 18:00:00,"41036 Onslow Bay, NC",34.206,-76.952,0.67
41036,2011-07-02 13:00:00,"41036 Onslow Bay, NC",34.206,-76.952,0.76
41036,2011-07-02 16:00:00,"41036 Onslow Bay, NC",34.206,-76.952,0.69
41036,2011-07-02 17:00:00,"41036 Onslow Bay, NC",34.206,-76.952,0.69
41036,2011-07-02 18:00:00,"41036 Onslow Bay, NC",34.206,-76.952,0.73
41036,2011-07-02 19:00:00,"41036 Onslow Bay, NC",34.206,-76.952,0.77
41040,2011-06-28 20:00:00,41040 West Atlantic,14.477,-53.008,2.36
41040,2011-06-29 17:00:00,41040 West Atlantic,14.477,-53.008,2.09
41040,2011-06-29 18:00:00,41040 West Atlantic,14.477,-53.008,2.25
41040,2011-06-29 19:00:00,41040 West Atlantic,14.477,-53.008,2.1
41040,2011-06-29 21:00:00,41040 West Atlantic,14.477,-53.008,2.16
41040,2011-06-29 22:00:00,41040 West Atlantic,14.477,-53.008,2.16
41040,2011-06-30 08:00:00,41040 West Atlantic,14.477,-53.008,2.42
41040,2011-06-30 11:00:00,41040 West Atlantic,14.477,-53.008,2.52
41040,2011-06-30 17:00:00,41040 West Atlantic,14.477,-53.008,2.24
41040,2011-06-30 19:00:00,41040 West Atlantic,14.477,-53.008,2.38
41040,2011-06-30 21:00:00,41040 West Atlantic,14.477,-53.008,2.24
41040,2011-06-30 22:00:00,41040 West Atlantic,14.477,-53.008,2.27
41040,2011-07-01 00:00:00,41040 West Atlantic,14.477,-53.008,2.1
41040,2011-07-01 03:00:00,41040 West Atlantic,14.477,-53.008,2.19
41040,2011-07-01 06:00:00,41040 West Atlantic,14.477,-53.008,2.23
41040,2011-07-01 08:00:00,41040 West Atlantic,14.477,-53.008,2.3
41040,2011-07-01 14:00:00,41040 West Atlantic,14.477,-53.008,2.21
41040,2011-07-01 15:00:00,41040 West Atlantic,14.477,-53.008,2.26
41040,2011-07-01 16:00:00,41040 West Atlantic,14.477,-53.008,2.34
41040,2011-07-01 18:00:00,41040 West Atlantic,14.477,-53.008,2.32
41040,2011-07-02 13:00:00,41040 West Atlantic,14.477,-53.008,2.56
41040,2011-07-02 16:00:00,41040 West Atlantic,14.477,-53.008,2.33
41040,2011-07-02 17:00:00,41040 West Atlantic,14.477,-53.008,2.51
41040,2011-07-02 18:00:00,41040 West Atlantic,14.477,-53.008,2.34
41040,2011-07-02 19:00:00,41040 West Atlantic,14.477,-53.008,2.39
41041,2011-06-28 20:00:00,41041 Middle Atlantic,14.357,-46.008,2.05
41041,2011-06-29 17:00:00,41041 Middle Atlantic,14.357,-46.008,1.97
41041,2011-06-29 18:00:00,41041 Middle Atlantic,14.357,-46.008,1.93
41041,2011-06-29 19:00:00,41041 Middle Atlantic,14.357,-46.008,1.92
41041,2011-06-29 21:00:00,41041 Middle Atlantic,14.357,-46.008,2.06
41041,2011-06-29 22:00:00,41041 Middle Atlantic,14.357,-46.008,1.82
41041,2011-06-30 08:00:00,41041 Middle Atlantic,14.357,-46.008,1.95
41041,2011-06-30 11:00:00,41041 Middle Atlantic,14.357,-46.008,1.98
41041,2011-06-30 17:00:00,41041 Middle Atlantic,14.357,-46.008,1.94
41041,2011-06-30 19:00:00,41041 Middle Atlantic,14.357,-46.008,2.11
41041,2011-06-30 21:00:00,41041 Middle Atlantic,14.357,-46.008,1.92
41041,2011-06-30 22:00:00,41041 Middle Atlantic,14.357,-46.008,1.95
41041,2011-07-01 00:00:00,41041 Middle Atlantic,14.357,-46.008,1.97
41041,2011-07-01 03:00:00,41041 Middle Atlantic,14.357,-46.008,2.35
41041,2011-07-01 06:00:00,41041 Middle Atlantic,14.357,-46.008,2.41
41041,2011-07-01 08:00:00,41041 Middle Atlantic,14.357,-46.008,2.2
41041,2011-07-01 14:00:00,41041 Middle Atlantic,14.357,-46.008,2.15
41041,2011-07-01 15:00:00,41041 Middle Atlantic,14.357,-46.008,2.23
41041,2011-07-01 16:00:00,41041 Middle Atlantic,14.357,-46.008,2.29
41041,2011-07-01 18:00:00,41041 Middle Atlantic,14.357,-46.008,2.32
41041,2011-07-02 13:00:00,41041 Middle Atlantic,14.357,-46.008,2.31
41041,2011-07-02 16:00:00,41041 Middle Atlantic,14.357,-46.008,2.29
41041,2011-07-02 17:00:00,41041 Middle Atlantic,14.357,-46.008,2.29
41041,2011-07-02 18:00:00,41041 Middle Atlantic,14.357,-46.008,2.23
41041,2011-07-02 19:00:00,41041 Middle Atlantic,14.357,-46.008,2.27
41043,2011-06-28 20:00:00,41043 South Western Atlantic,21.061,-64.966,1.77
41043,2011-06-29 17:00:00,41043 South Western Atlantic,21.061,-64.966,2.05
41043,2011-06-29 18:00:00,41043 South Western Atlantic,21.061,-64.966,2.04
41043,2011-06-29 19:00:00,41043 South Western Atlantic,21.061,-64.966,2.13
41043,2011-06-29 21:00:00,41043 South Western Atlantic,21.061,-64.966,2.12
41043,2011-06-29 22:00:00,41043 South Western Atlantic,21.061,-64.966,2.08
41043,2011-06-30 08:00:00,41043 South Western Atlantic,21.061,-64.966,2.05
41043,2011-06-30 11:00:00,41043 South Western Atlantic,21.061,-64.966,2.02
41043,2011-06-30 17:00:00,41043 South Western Atlantic,21.061,-64.966,1.94
41043,2011-06-30 19:00:00,41043 South Western Atlantic,21.061,-64.966,1.99
41043,2011-06-30 21:00:00,41043 South Western Atlantic,21.061,-64.966,1.89
41043,2011-06-30 22:00:00,41043 South Western Atlantic,21.061,-64.966,1.79
41043,2011-07-01 00:00:00,41043 South Western Atlantic,21.061,-64.966,1.95
41043,2011-07-01 03:00:00,41043 South Western Atlantic,21.061,-64.966,1.84
41043,2011-07-01 06:00:00,41043 South Western Atlantic,21.061,-64.966,1.87
41043,2011-07-01 08:00:00,41043 South Western Atlantic,21.061,-64.966,1.89
41043,2011-07-01 14:00:00,41043 South Western Atlantic,21.061,-64.966,2.0
41043,2011-07-01 15:00:00,41043 South Western Atlantic,21.061,-64.966,1.93
41043,2011-07-01 16:00:00,41043 South Western Atlantic,21.061,-64.966,2.0
41043,2011-07-01 18:00:00,41043 South Western Atlantic,21.061,-64.966,2.12
41043,2011-07-02 13:00:00,41043 South Western Atlantic,21.061,-64.966,1.97
41043,2011-07-02 16:00:00,41043 South Western Atlantic,21.061,-64.966,2.18
41043,2011-07-02 17:00:00,41043 South Western Atlantic,21.061,-64.966,1.98
41043,2011-07-02 18:00:00,41043 South Western Atlantic,21.061,-64.966,1.85
41043,2011-07-02 19:00:00,41043 South Western Atlantic,21.061,-64.966,1.94
41044,2011-06-28 20:00:00,41044 Atlantic South,21.652,-58.695,2.12
41044,2011-06-29 17:00:00,41044 Atlantic South,21.652,-58.695,2.01
41044,2011-06-29 18:00:00,41044 Atlantic South,21.652,-58.695,1.88
41044,2011-06-29 19:00:00,41044 Atlantic South,21.652,-58.695,1.96
41044,2011-06-29 21:00:00,41044 Atlantic South,21.652,-58.695,1.85
41044,2011-06-29 22:00:00,41044 Atlantic South,21.652,-58.695,1.88
41044,2011-06-30 08:00:00,41044 Atlantic South,21.652,-58.695,1.72
41044,2011-06-30 11:00:00,41044 Atlantic South,21.652,-58.695,1.79
41044,2011-06-30 17:00:00,41044 Atlantic South,21.652,-58.695,1.76
41044,2011-06-30 19:00:00,41044 Atlantic South,21.652,-58.695,1.64
41044,2011-06-30 21:00:00,41044 Atlantic South,21.652,-58.695,1.68
41044,2011-06-30 22:00:00,41044 Atlantic South,21.652,-58.695,1.56
41044,2011-07-01 00:00:00,41044 Atlantic South,21.652,-58.695,1.73
41044,2011-07-01 03:00:00,41044 Atlantic South,21.652,-58.695,1.76
41044,2011-07-01 06:00:00,41044 Atlantic South,21.652,-58.695,1.76
41044,2011-07-01 08:00:00,41044 Atlantic South,21.652,-58.695,1.81
41044,2011-07-01 14:00:00,41044 Atlantic South,21.652,-58.695,1.82
41044,2011-07-01 15:00:00,41044 Atlantic South,21.652,-58.695,1.79
41044,2011-07-01 16:00:00,41044 Atlantic South,21.652,-58.695,1.71
41044,2011-07-01 18:00:00,41044 Atlantic South,21.652,-58.695,1.78
41044,2011-07-02 13:00:00,41044 Atlantic South,21.652,-58.695,1.8
41044,2011-07-02 16:00:00,41044 Atlantic South,21.652,-58.695,1.81
41044,2011-07-02 17:00:00,41044 Atlantic South,21.652,-58.695,1.79
41044,2011-07-02 18:00:00,41044 Atlantic South,21.652,-58.695,1.77
41044,2011-07-02 19:00:00,41044 Atlantic South,21.652,-58.695,1.8
41046,2011-06-28 20:00:00,41046 E Bahamas,23.836,-70.863,1.67
41046,2011-06-29 17:00:00,41046 E Bahamas,23.836,-70.863,1.65
41046,2011-06-29 18:00:00,41046 E Bahamas,23.836,-70.863,1.66
41046,2011-06-29 19:00:00,41046 E Bahamas,23.836,-70.863,1.53
41046,2011-06-29 21:00:00,41046 E Bahamas,23.836,-70.863,1.54
41046,2011-06-29 22:00:00,41046 E Bahamas,23.836,-70.863,1.57
41046,2011-06-30 08:00:00,41046 E Bahamas,23.836,-70.863,1.52
41046,2011-06-30 11:00:00,41046 E Bahamas,23.836,-70.863,1.73
41046,2011-06-30 17:00:00,41046 E Bahamas,23.836,-70.863,1.68
41046,2011-06-30 19:00:00,41046 E Bahamas,23.836,-70.863,1.65
41046,2011-06-30 21:00:00,41046 E Bahamas,23.836,-70.863,1.75
41046,2011-06-30 22:00:00,41046 E Bahamas,23.836,-70.863,1.77
41046,2011-07-01 00:00:00,41046 E Bahamas,23.836,-70.863,1.71
41046,2011-07-01 03:00:00,41046 E Bahamas,23.836,-70.863,1.63
41046,2011-07-01 06:00:00,41046 E Bahamas,23.836,-70.863,1.62
41046,2011-07-01 08:00:00,41046 E Bahamas,23.836,-70.863,1.46
41046,2011-07-01 14:00:00,41046 E Bahamas,23.836,-70.863,1.46
41046,2011-07-01 15:00:00,41046 E Bahamas,23.836,-70.863,1.4
41046,2011-07-01 16:00:00,41046 E Bahamas,23.836,-70.863,1.49
41046,2011-07-01 18:00:00,41046 E Bahamas,23.836,-70.863,1.39
41046,2011-07-02 13:00:00,41046 E Bahamas,23.836,-70.863,1.41
41046,2011-07-02 16:00:00,41046 E Bahamas,23.836,-70.863,1.46
41046,2011-07-02 17:00:00,41046 E Bahamas,23.836,-70.863,1.59
41046,2011-07-02 18:00:00,41046 E Bahamas,23.836,-70.863,1.55
41046,2011-07-02 19:00:00,41046 E Bahamas,23.836,-70.863,1.48
41047,2011-06-28 20:00:00,41047 NE Bahamas,27.469,-71.491,1.05
41047,2011-06-29 17:00:00,41047 NE Bahamas,27.469,-71.491,1.2
41047,2011-06-29 18:00:00,41047 NE Bahamas,27.469,-71.491,1.31
41047,2011-06-29 19:00:00,41047 NE Bahamas,27.469,-71.491,1.26
41047,2011-06-29 21:00:00,41047 NE Bahamas,27.469,-71.491,1.21
41047,2011-06-29 22:00:00,41047 NE Bahamas,27.469,-71.491,1.18
41047,2011-06-30 08:00:00,41047 NE Bahamas,27.469,-71.491,1.15
41047,2011-06-30 11:00:00,41047 NE Bahamas,27.469,-71.491,1.16
41047,2011-06-30 17:00:00,41047 NE Bahamas,27.469,-71.491,1.25
41047,2011-06-30 19:00:00,41047 NE Bahamas,27.469,-71.491,1.27
41047,2011-06-30 21:00:00,41047 NE Bahamas,27.469,-71.491,1.16
41047,2011-06-30 22:00:00,41047 NE Bahamas,27.469,-71.491,1.2
41047,2011-07-01 00:00:00,41047 NE Bahamas,27.469,-71.491,1.17
41047,2011-07-01 03:00:00,41047 NE Bahamas,27.469,-71.491,1.23
41047,2011-07-01 06:00:00,41047 NE Bahamas,27.469,-71.491,1.19
41047,2011-07-01 08:00:00,41047 NE Bahamas,27.469,-71.491,1.24
41047,2011-07-01 14:00:00,41047 NE Bahamas,27.469,-71.491,1.28
41047,2011-07-01 15:00:00,41047 NE Bahamas,27.469,-71.491,1.17
41047,2011-07-01 16:00:00,41047 NE Bahamas,27.469,-71.491,1.31
41047,2011-07-01 18:00:00,41047 NE Bahamas,27.469,-71.491,1.41
41047,2011-07-02 13:00:00,41047 NE Bahamas,27.469,-71.491,1.11
41047,2011-07-02 16:00:00,41047 NE Bahamas,27.469,-71.491,1.07
41047,2011-07-02 17:00:00,41047 NE Bahamas,27.469,-71.491,1.11
41047,2011-07-02 18:00:00,41047 NE Bahamas,27.469,-71.491,1.08
41047,2011-07-02 19:00:00,41047 NE Bahamas,27.469,-71.491,1.24
41048,2011-06-28 20:00:00,41048 W Bermuda,31.978,-69.649,0.84
41048,2011-06-29 17:00:00,41048 W Bermuda,31.978,-69.649,1.04
41048,2011-06-29 18:00:00,41048 W Bermuda,31.978,-69.649,1.09
41048,2011-06-29 19:00:00,41048 W Bermuda,31.978,-69.649,1.15
41048,2011-06-29 21:00:00,41048 W Bermuda,31.978,-69.649,1.25
41048,2011-06-29 22:00:00,41048 W Bermuda,31.978,-69.649,1.24
41048,2011-06-30 08:00:00,41048 W Bermuda,31.978,-69.649,1.14
41048,2011-06-30 11:00:00,41048 W Bermuda,31.978,-69.649,1.17
41048,2011-06-30 17:00:00,41048 W Bermuda,31.978,-69.649,1.09
41048,2011-06-30 19:00:00,41048 W Bermuda,31.978,-69.649,1.21
41048,2011-06-30 21:00:00,41048 W Bermuda,31.978,-69.649,1.31
41048,2011-06-30 22:00:00,41048 W Bermuda,31.978,-69.649,1.33
41048,2011-07-01 00:00:00,41048 W Bermuda,31.978,-69.649,1.39
41048,2011-07-01 03:00:00,41048 W Bermuda,31.978,-69.649,1.33
41048,2011-07-01 06:00:00,41048 W Bermuda,31.978,-69.649,1.26
41048,2011-07-01 08:00:00,41048 W Bermuda,31.978,-69.649,1.33
41048,2011-07-01 14:00:00,41048 W Bermuda,31.978,-69.649,1.55
41048,2011-07-01 15:00:00,41048 W Bermuda,31.978,-69.649,1.51
41048,2011-07-01 16:00:00,41048 W Bermuda,31.978,-69.649,1.58
41048,2011-07-01 18:00:00,41048 W Bermuda,31.978,-69.649,1.72
41048,2011-07-02 13:00:00,41048 W Bermuda,31.978,-69.649,1.22
41048,2011-07-02 16:00:00,41048 W Bermuda,31.978,-69.649,1.22
41048,2011-07-02 17:00:00,41048 W Bermuda,31.978,-69.649,1.11
41048,2011-07-02 18:00:00,41048 W Bermuda,31.978,-69.649,1.09
41048,2011-07-02 19:00:00,41048 W Bermuda,31.978,-69.649,1.02
41049,2011-06-28 20:00:00,South,27.5,-63.0,1.56
41049,2011-06-29 17:00:00,South,27.5,-63.0,1.45
41049,2011-06-29 18:00:00,South,27.5,-63.0,1.3
41049,2011-06-29 19:00:00,South,27.5,-63.0,1.4
41049,2011-06-29 21:00:00,South,27.5,-63.0,1.32
41049,2011-06-29 22:00:00,South,27.5,-63.0,1.21
41049,2011-06-30 08:00:00,South,27.5,-63.0,1.41
41049,2011-06-30 11:00:00,South,27.5,-63.0,1.44
41049,2011-06-30 17:00:00,South,27.5,-63.0,1.34
41049,2011-06-30 19:00:00,South,27.5,-63.0,1.26
41049,2011-06-30 21:00:00,South,27.5,-63.0,1.26
41049,2011-06-30 22:00:00,South,27.5,-63.0,1.29
41049,2011-07-01 00:00:00,South,27.5,-63.0,1.23
41049,2011-07-01 03:00:00,South,27.5,-63.0,1.24
41049,2011-07-01 06:00:00,South,27.5,-63.0,1.26
41049,2011-07-01 08:00:00,South,27.5,-63.0,1.19
41049,2011-07-01 14:00:00,South,27.5,-63.0,1.15
41049,2011-07-01 15:00:00,South,27.5,-63.0,1.14
41049,2011-07-01 16:00:00,South,27.5,-63.0,1.26
41049,2011-07-01 18:00:00,South,27.5,-63.0,1.15
41049,2011-07-02 13:00:00,South,27.5,-63.0,1.2
41049,2011-07-02 16:00:00,South,27.5,-63.0,1.15
41049,2011-07-02 17:00:00,South,27.5,-63.0,1.18
41049,2011-07-02 18:00:00,South,27.5,-63.0,1.15
41049,2011-07-02 19:00:00,South,27.5,-63.0,1.07
42001,2011-06-28 20:00:00,"42001 MID GULF 180 nm South of Southwest Pass, LA.",25.888,-89.658,1.75
42001,2011-06-29 17:00:00,"42001 MID GULF 180 nm South of Southwest Pass, LA.",25.888,-89.658,1.01
42001,2011-06-29 18:00:00,"42001 MID GULF 180 nm South of Southwest Pass, LA.",25.888,-89.658,1.03
42001,2011-06-29 19:00:00,"42001 MID GULF 180 nm South of Southwest Pass, LA.",25.888,-89.658,1.08
42001,2011-06-29 21:00:00,"42001 MID GULF 180 nm South of Southwest Pass, LA.",25.888,-89.658,1.07
42001,2011-06-29 22:00:00,"42001 MID GULF 180 nm South of Southwest Pass, LA.",25.888,-89.658,1.11
42001,2011-06-30 08:00:00,"42001 MID GULF 180 nm South of Southwest Pass, LA.",25.888,-89.658,0.79
42001,2011-06-30 11:00:00,"42001 MID GULF 180 nm South of Southwest Pass, LA.",25.888,-89.658,0.75
42001,2011-06-30 17:00:00,"42001 MID GULF 180 nm South of Southwest Pass, LA.",25.888,-89.658,0.71
42001,2011-06-30 19:00:00,"42001 MID GULF 180 nm South of Southwest Pass, LA.",25.888,-89.658,0.72
42001,2011-06-30 21:00:00,"42001 MID GULF 180 nm South of Southwest Pass, LA.",25.888,-89.658,0.72
42001,2011-06-30 22:00:00,"42001 MID GULF 180 nm South of Southwest Pass, LA.",25.888,-89.658,0.77
42001,2011-07-01 00:00:00,"42001 MID GULF 180 nm South of Southwest Pass, LA.",25.888,-89.658,0.81
42001,2011-07-01 03:00:00,"42001 MID GULF 180 nm South of Southwest Pass, LA.",25.888,-89.658,0.77
42001,2011-07-01 06:00:00,"42001 MID GULF 180 nm South of Southwest Pass, LA.",25.888,-89.658,0.77
42001,2011-07-01 08:00:00,"42001 MID GULF 180 nm South of Southwest Pass, LA.",25.888,-89.658,0.67
42001,2011-07-01 14:00:00,"42001 MID GULF 180 nm South of Southwest Pass, LA.",25.888,-89.658,0.59
42001,2011-07-01 15:00:00,"42001 MID GULF 180 nm South of Southwest Pass, LA.",25.888,-89.658,0.62
42001,2011-07-01 16:00:00,"42001 MID GULF 180 nm South of Southwest Pass, LA.",25.888,-89.658,0.62
42001,2011-07-01 18:00:00,"42001 MID GULF 180 nm South of Southwest Pass, LA.",25.888,-89.658,0.56
42001,2011-07-02 13:00:00,"42001 MID GULF 180 nm South of Southwest Pass, LA.",25.888,-89.658,0.32
42001,2011-07-02 16:00:00,"42001 MID GULF 180 nm South of Southwest Pass, LA.",25.888,-89.658,0.36
42001,2011-07-02 17:00:00,"42001 MID GULF 180 nm South of Southwest Pass, LA.",25.888,-89.658,0.39
42001,2011-07-02 18:00:00,"42001 MID GULF 180 nm South of Southwest Pass, LA.",25.888,-89.658,0.39
42001,2011-07-02 19:00:00,"42001 MID GULF 180 nm South of Southwest Pass, LA.",25.888,-89.658,0.44
42003,2011-06-28 20:00:00,"42003 E GULF 260 nm South of Panama City, FL",26.044,-85.612,0.99
42003,2011-06-29 17:00:00,"42003 E GULF 260 nm South of Panama City, FL",26.044,-85.612,0.78
42003,2011-06-29 18:00:00,"42003 E GULF 260 nm South of Panama City, FL",26.044,-85.612,0.94
42003,2011-06-29 19:00:00,"42003 E GULF 260 nm South of Panama City, FL",26.044,-85.612,0.89
42003,2011-06-29 21:00:00,"42003 E GULF 260 nm South of Panama City, FL",26.044,-85.612,0.68
42003,2011-06-29 22:00:00,"42003 E GULF 260 nm South of Panama City, FL",26.044,-85.612,0.79
42003,2011-06-30 08:00:00,"42003 E GULF 260 nm South of Panama City, FL",26.044,-85.612,0.68
42003,2011-06-30 11:00:00,"42003 E GULF 260 nm South of Panama City, FL",26.044,-85.612,0.55
42003,2011-06-30 17:00:00,"42003 E GULF 260 nm South of Panama City, FL",26.044,-85.612,0.6
42003,2011-06-30 19:00:00,"42003 E GULF 260 nm South of Panama City, FL",26.044,-85.612,0.66
42003,2011-06-30 21:00:00,"42003 E GULF 260 nm South of Panama City, FL",26.044,-85.612,0.64
42003,2011-06-30 22:00:00,"42003 E GULF 260 nm South of Panama City, FL",26.044,-85.612,0.62
42003,2011-07-01 00:00:00,"42003 E GULF 260 nm South of Panama City, FL",26.044,-85.612,0.67
42003,2011-07-01 03:00:00,"42003 E GULF 260 nm South of Panama City, FL",26.044,-85.612,0.67
42003,2011-07-01 06:00:00,"42003 E GULF 260 nm South of Panama City, FL",26.044,-85.612,0.62
42003,2011-07-01 08:00:00,"42003 E GULF 260 nm South of Panama City, FL",26.044,-85.612,0.57
42003,2011-07-01 14:00:00,"42003 E GULF 260 nm South of Panama City, FL",26.044,-85.612,0.72
42003,2011-07-01 15:00:00,"42003 E GULF 260 nm South of Panama City, FL",26.044,-85.612,0.7
42003,2011-07-01 16:00:00,"42003 E GULF 260 nm South of Panama City, FL",26.044,-85.612,0.68
42003,2011-07-01 18:00:00,"42003 E GULF 260 nm South of Panama City, FL",26.044,-85.612,0.68
42003,2011-07-02 13:00:00,"42003 E GULF 260 nm South of Panama City, FL",26.044,-85.612,0.54
42003,2011-07-02 16:00:00,"42003 E GULF 260 nm South of Panama City, FL",26.044,-85.612,0.56
42003,2011-07-02 17:00:00,"42003 E GULF 260 nm South of Panama City, FL",26.044,-85.612,0.59
42003,2011-07-02 18:00:00,"42003 E GULF 260 nm South of Panama City, FL",26.044,-85.612,0.61
42003,2011-07-02 19:00:00,"42003 E GULF 260 nm South of Panama City, FL",26.044,-85.612,0.52
42012,2011-06-28 20:00:00,42012 GULF OF MEXICO,30.065,-87.555,0.76
42012,2011-06-29 17:00:00,42012 GULF OF MEXICO,30.065,-87.555,0.72
42012,2011-06-29 18:00:00,42012 GULF OF MEXICO,30.065,-87.555,0.75
42012,2011-06-29 19:00:00,42012 GULF OF MEXICO,30.065,-87.555,0.63
42012,2011-06-29 21:00:00,42012 GULF OF MEXICO,30.065,-87.555,0.63
42012,2011-06-29 22:00:00,42012 GULF OF MEXICO,30.065,-87.555,0.64
42012,2011-06-30 08:00:00,42012 GULF OF MEXICO,30.065,-87.555,0.69
42012,2011-06-30 11:00:00,42012 GULF OF MEXICO,30.065,-87.555,0.65
42012,2011-06-30 17:00:00,42012 GULF OF MEXICO,30.065,-87.555,0.51
42012,2011-06-30 19:00:00,42012 GULF OF MEXICO,30.065,-87.555,0.49
42012,2011-06-30 21:00:00,42012 GULF OF MEXICO,30.065,-87.555,0.54
42012,2011-06-30 22:00:00,42012 GULF OF MEXICO,30.065,-87.555,0.48
42012,2011-07-01 00:00:00,42012 GULF OF MEXICO,30.065,-87.555,0.5
42012,2011-07-01 03:00:00,42012 GULF OF MEXICO,30.065,-87.555,0.5
42012,2011-07-01 06:00:00,42012 GULF OF MEXICO,30.065,-87.555,0.6
42012,2011-07-01 08:00:00,42012 GULF OF MEXICO,30.065,-87.555,0.57
42012,2011-07-01 14:00:00,42012 GULF OF MEXICO,30.065,-87.555,0.62
42012,2011-07-01 15:00:00,42012 GULF OF MEXICO,30.065,-87.555,0.58
42012,2011-07-01 16:00:00,42012 GULF OF MEXICO,30.065,-87.555,0.55
42012,2011-07-01 18:00:00,42012 GULF OF MEXICO,30.065,-87.555,0.53
42012,2011-07-02 13:00:00,42012 GULF OF MEXICO,30.065,-87.555,0.6
42012,2011-07-02 16:00:00,42012 GULF OF MEXICO,30.065,-87.555,0.5
42012,2011-07-02 17:00:00,42012 GULF OF MEXICO,30.065,-87.555,0.44
42012,2011-07-02 18:00:00,42012 GULF OF MEXICO,30.065,-87.555,0.43
42012,2011-07-02 19:00:00,42012 GULF OF MEXICO,30.065,-87.555,0.41
42019,2011-06-28 20:00:00,"42019 Freeport, TX. 60 NM South of Freeport, TX.",27.913,-95.353,1.65
42019,2011-06-29 17:00:00,"42019 Freeport, TX. 60 NM South of Freeport, TX.",27.913,-95.353,2.04
42019,2011-06-29 18:00:00,"42019 Freeport, TX. 60 NM South of Freeport, TX.",27.913,-95.353,2.06
42019,2011-06-29 19:00:00,"42019 Freeport, TX. 60 NM South of Freeport, TX.",27.913,-95.353,1.99
42019,2011-06-29 21:00:00,"42019 Freeport, TX. 60 NM South of Freeport, TX.",27.913,-95.353,2.28
42019,2011-06-29 22:00:00,"42019 Freeport, TX. 60 NM South of Freeport, TX.",27.913,-95.353,2.1
42019,2011-06-30 08:00:00,"42019 Freeport, TX. 60 NM South of Freeport, TX.",27.913,-95.353,1.74
42019,2011-06-30 11:00:00,"42019 Freeport, TX. 60 NM South of Freeport, TX.",27.913,-95.353,1.57
42019,2011-06-30 17:00:00,"42019 Freeport, TX. 60 NM South of Freeport, TX.",27.913,-95.353,1.66
42019,2011-06-30 19:00:00,"42019 Freeport, TX. 60 NM South of Freeport, TX.",27.913,-95.353,2.15
42019,2011-06-30 21:00:00,"42019 Freeport, TX. 60 NM South of Freeport, TX.",27.913,-95.353,2.41
42019,2011-06-30 22:00:00,"42019 Freeport, TX. 60 NM South of Freeport, TX.",27.913,-95.353,2.41
42019,2011-07-01 00:00:00,"42019 Freeport, TX. 60 NM South of Freeport, TX.",27.913,-95.353,2.23
42019,2011-07-01 03:00:00,"42019 Freeport, TX. 60 NM South of Freeport, TX.",27.913,-95.353,2.09
42019,2011-07-01 06:00:00,"42019 Freeport, TX. 60 NM South of Freeport, TX.",27.913,-95.353,1.56
42019,2011-07-01 08:00:00,"42019 Freeport, TX. 60 NM South of Freeport, TX.",27.913,-95.353,1.53
42019,2011-07-01 14:00:00,"42019 Freeport, TX. 60 NM South of Freeport, TX.",27.913,-95.353,1.42
42019,2011-07-01 15:00:00,"42019 Freeport, TX. 60 NM South of Freeport, TX.",27.913,-95.353,1.42
42019,2011-07-01 16:00:00,"42019 Freeport, TX. 60 NM South of Freeport, TX.",27.913,-95.353,1.42
42019,2011-07-01 18:00:00,"42019 Freeport, TX. 60 NM South of Freeport, TX.",27.913,-95.353,1.36
42019,2011-07-02 13:00:00,"42019 Freeport, TX. 60 NM South of Freeport, TX.",27.913,-95.353,1.11
42019,2011-07-02 16:00:00,"42019 Freeport, TX. 60 NM South of Freeport, TX.",27.913,-95.353,0.94
42019,2011-07-02 17:00:00,"42019 Freeport, TX. 60 NM South of Freeport, TX.",27.913,-95.353,0.91
42019,2011-07-02 18:00:00,"42019 Freeport, TX. 60 NM South of Freeport, TX.",27.913,-95.353,0.94
42019,2011-07-02 19:00:00,"42019 Freeport, TX. 60 NM South of Freeport, TX.",27.913,-95.353,0.88
42020,2011-06-28 20:00:00,"42020 Corpus Christi, TX. 50NM Southeast of Corpus Christi, TX.",26.966,-96.695,1.82
42020,2011-06-29 17:00:00,"42020 Corpus Christi, TX. 50NM Southeast of Corpus Christi, TX.",26.966,-96.695,2.57
42020,2011-06-29 18:00:00,"42020 Corpus Christi, TX. 50NM Southeast of Corpus Christi, TX.",26.966,-96.695,2.61
42020,2011-06-29 19:00:00,"42020 Corpus Christi, TX. 50NM Southeast of Corpus Christi, TX.",26.966,-96.695,2.7
42020,2011-06-29 21:00:00,"42020 Corpus Christi, TX. 50NM Southeast of Corpus Christi, TX.",26.966,-96.695,2.56
42020,2011-06-29 22:00:00,"42020 Corpus Christi, TX. 50NM Southeast of Corpus Christi, TX.",26.966,-96.695,2.55
42020,2011-06-30 08:00:00,"42020 Corpus Christi, TX. 50NM Southeast of Corpus Christi, TX.",26.966,-96.695,2.52
42020,2011-06-30 11:00:00,"42020 Corpus Christi, TX. 50NM Southeast of Corpus Christi, TX.",26.966,-96.695,2.55
42020,2011-06-30 17:00:00,"42020 Corpus Christi, TX. 50NM Southeast of Corpus Christi, TX.",26.966,-96.695,2.63
42020,2011-06-30 19:00:00,"42020 Corpus Christi, TX. 50NM Southeast of Corpus Christi, TX.",26.966,-96.695,2.89
42020,2011-06-30 21:00:00,"42020 Corpus Christi, TX. 50NM Southeast of Corpus Christi, TX.",26.966,-96.695,2.71
42020,2011-06-30 22:00:00,"42020 Corpus Christi, TX. 50NM Southeast of Corpus Christi, TX.",26.966,-96.695,2.41
42020,2011-07-01 00:00:00,"42020 Corpus Christi, TX. 50NM Southeast of Corpus Christi, TX.",26.966,-96.695,2.21
42020,2011-07-01 03:00:00,"42020 Corpus Christi, TX. 50NM Southeast of Corpus Christi, TX.",26.966,-96.695,2.39
42020,2011-07-01 06:00:00,"42020 Corpus Christi, TX. 50NM Southeast of Corpus Christi, TX.",26.966,-96.695,2.03
42020,2011-07-01 08:00:00,"42020 Corpus Christi, TX. 50NM Southeast of Corpus Christi, TX.",26.966,-96.695,2.07
42020,2011-07-01 14:00:00,"42020 Corpus Christi, TX. 50NM Southeast of Corpus Christi, TX.",26.966,-96.695,1.76
42020,2011-07-01 15:00:00,"42020 Corpus Christi, TX. 50NM Southeast of Corpus Christi, TX.",26.966,-96.695,1.86
42020,2011-07-01 16:00:00,"42020 Corpus Christi, TX. 50NM Southeast of Corpus Christi, TX.",26.966,-96.695,1.65
42020,2011-07-01 18:00:00,"42020 Corpus Christi, TX. 50NM Southeast of Corpus Christi, TX.",26.966,-96.695,1.81
42020,2011-07-02 13:00:00,"42020 Corpus Christi, TX. 50NM Southeast of Corpus Christi, TX.",26.966,-96.695,1.21
42020,2011-07-02 16:00:00,"42020 Corpus Christi, TX. 50NM Southeast of Corpus Christi, TX.",26.966,-96.695,1.12
42020,2011-07-02 17:00:00,"42020 Corpus Christi, TX. 50NM Southeast of Corpus Christi, TX.",26.966,-96.695,1.27
42020,2011-07-02 18:00:00,"42020 Corpus Christi, TX. 50NM Southeast of Corpus Christi, TX.",26.966,-96.695,1.15
42020,2011-07-02 19:00:00,"42020 Corpus Christi, TX. 50NM Southeast of Corpus Christi, TX.",26.966,-96.695,1.23
42035,2011-06-28 20:00:00,"42035 GALVESTON  22NM East of Galveston, TX.",29.232,-94.413,1.03
42035,2011-06-29 17:00:00,"42035 GALVESTON  22NM East of Galveston, TX.",29.232,-94.413,1.18
42035,2011-06-29 18:00:00,"42035 GALVESTON  22NM East of Galveston, TX.",29.232,-94.413,1.19
42035,2011-06-29 19:00:00,"42035 GALVESTON  22NM East of Galveston, TX.",29.232,-94.413,1.26
42035,2011-06-29 21:00:00,"42035 GALVESTON  22NM East of Galveston, TX.",29.232,-94.413,1.13
42035,2011-06-29 22:00:00,"42035 GALVESTON  22NM East of Galveston, TX.",29.232,-94.413,1.11
42035,2011-06-30 08:00:00,"42035 GALVESTON  22NM East of Galveston, TX.",29.232,-94.413,1.14
42035,2011-06-30 11:00:00,"42035 GALVESTON  22NM East of Galveston, TX.",29.232,-94.413,1.07
42035,2011-06-30 17:00:00,"42035 GALVESTON  22NM East of Galveston, TX.",29.232,-94.413,0.85
42035,2011-06-30 19:00:00,"42035 GALVESTON  22NM East of Galveston, TX.",29.232,-94.413,0.82
42035,2011-06-30 21:00:00,"42035 GALVESTON  22NM East of Galveston, TX.",29.232,-94.413,0.81
42035,2011-06-30 22:00:00,"42035 GALVESTON  22NM East of Galveston, TX.",29.232,-94.413,0.87
42035,2011-07-01 00:00:00,"42035 GALVESTON  22NM East of Galveston, TX.",29.232,-94.413,1.08
42035,2011-07-01 03:00:00,"42035 GALVESTON  22NM East of Galveston, TX.",29.232,-94.413,1.33
42035,2011-07-01 06:00:00,"42035 GALVESTON  22NM East of Galveston, TX.",29.232,-94.413,1.25
42035,2011-07-01 08:00:00,"42035 GALVESTON  22NM East of Galveston, TX.",29.232,-94.413,1.07
42035,2011-07-01 14:00:00,"42035 GALVESTON  22NM East of Galveston, TX.",29.232,-94.413,0.98
42035,2011-07-01 15:00:00,"42035 GALVESTON  22NM East of Galveston, TX.",29.232,-94.413,0.9
42035,2011-07-01 16:00:00,"42035 GALVESTON  22NM East of Galveston, TX.",29.232,-94.413,0.89
42035,2011-07-01 18:00:00,"42035 GALVESTON  22NM East of Galveston, TX.",29.232,-94.413,0.82
42035,2011-07-02 13:00:00,"42035 GALVESTON  22NM East of Galveston, TX.",29.232,-94.413,0.74
42035,2011-07-02 16:00:00,"42035 GALVESTON  22NM East of Galveston, TX.",29.232,-94.413,0.67
42035,2011-07-02 17:00:00,"42035 GALVESTON  22NM East of Galveston, TX.",29.232,-94.413,0.64
42035,2011-07-02 18:00:00,"42035 GALVESTON  22NM East of Galveston, TX.",29.232,-94.413,0.61
42035,2011-07-02 19:00:00,"42035 GALVESTON  22NM East of Galveston, TX.",29.232,-94.413,0.61
42036,2011-06-28 20:00:00,"42036 W. TAMPA  106NM West Northwest of Tampa, FL",28.5,-84.517,0.67
42036,2011-06-29 17:00:00,"42036 W. TAMPA  106NM West Northwest of Tampa, FL",28.5,-84.517,0.62
42036,2011-06-29 18:00:00,"42036 W. TAMPA  106NM West Northwest of Tampa, FL",28.5,-84.517,0.62
42036,2011-06-29 19:00:00,"42036 W. TAMPA  106NM West Northwest of Tampa, FL",28.5,-84.517,0.63
42036,2011-06-29 21:00:00,"42036 W. TAMPA  106NM West Northwest of Tampa, FL",28.5,-84.517,0.62
42036,2011-06-29 22:00:00,"42036 W. TAMPA  106NM West Northwest of Tampa, FL",28.5,-84.517,0.6
42036,2011-06-30 08:00:00,"42036 W. TAMPA  106NM West Northwest of Tampa, FL",28.5,-84.517,0.59
42036,2011-06-30 11:00:00,"42036 W. TAMPA  106NM West Northwest of Tampa, FL",28.5,-84.517,0.58
42036,2011-06-30 17:00:00,"42036 W. TAMPA  106NM West Northwest of Tampa, FL",28.5,-84.517,0.64
42036,2011-06-30 19:00:00,"42036 W. TAMPA  106NM West Northwest of Tampa, FL",28.5,-84.517,0.73
42036,2011-06-30 21:00:00,"42036 W. TAMPA  106NM West Northwest of Tampa, FL",28.5,-84.517,0.71
42036,2011-06-30 22:00:00,"42036 W. TAMPA  106NM West Northwest of Tampa, FL",28.5,-84.517,0.65
42036,2011-07-01 00:00:00,"42036 W. TAMPA  106NM West Northwest of Tampa, FL",28.5,-84.517,0.6
42036,2011-07-01 03:00:00,"42036 W. TAMPA  106NM West Northwest of Tampa, FL",28.5,-84.517,0.52
42036,2011-07-01 06:00:00,"42036 W. TAMPA  106NM West Northwest of Tampa, FL",28.5,-84.517,0.5
42036,2011-07-01 08:00:00,"42036 W. TAMPA  106NM West Northwest of Tampa, FL",28.5,-84.517,0.48
42036,2011-07-01 14:00:00,"42036 W. TAMPA  106NM West Northwest of Tampa, FL",28.5,-84.517,0.51
42036,2011-07-01 15:00:00,"42036 W. TAMPA  106NM West Northwest of Tampa, FL",28.5,-84.517,0.45
42036,2011-07-01 16:00:00,"42036 W. TAMPA  106NM West Northwest of Tampa, FL",28.5,-84.517,0.5
42036,2011-07-01 18:00:00,"42036 W. TAMPA  106NM West Northwest of Tampa, FL",28.5,-84.517,0.49
42036,2011-07-02 13:00:00,"42036 W. TAMPA  106NM West Northwest of Tampa, FL",28.5,-84.517,0.52
42036,2011-07-02 16:00:00,"42036 W. TAMPA  106NM West Northwest of Tampa, FL",28.5,-84.517,0.63
42036,2011-07-02 17:00:00,"42036 W. TAMPA  106NM West Northwest of Tampa, FL",28.5,-84.517,0.62
42036,2011-07-02 18:00:00,"42036 W. TAMPA  106NM West Northwest of Tampa, FL",28.5,-84.517,0.57
42036,2011-07-02 19:00:00,"42036 W. TAMPA  106NM West Northwest of Tampa, FL",28.5,-84.517,0.57
42039,2011-06-28 20:00:00,"115NM East Southeast of Pensacola, FL",28.791,-86.008,0.78
42039,2011-06-29 17:00:00,"115NM East Southeast of Pensacola, FL",28.791,-86.008,0.75
42039,2011-06-29 18:00:00,"115NM East Southeast of Pensacola, FL",28.791,-86.008,0.76
42039,2011-06-29 19:00:00,"115NM East Southeast of Pensacola, FL",28.791,-86.008,0.82
42039,2011-06-29 21:00:00,"115NM East Southeast of Pensacola, FL",28.791,-86.008,0.79
42039,2011-06-29 22:00:00,"115NM East Southeast of Pensacola, FL",28.791,-86.008,0.8
42039,2011-06-30 08:00:00,"115NM East Southeast of Pensacola, FL",28.791,-86.008,0.53
42039,2011-06-30 11:00:00,"115NM East Southeast of Pensacola, FL",28.791,-86.008,0.5
42039,2011-06-30 17:00:00,"115NM East Southeast of Pensacola, FL",28.791,-86.008,0.61
42039,2011-06-30 19:00:00,"115NM East Southeast of Pensacola, FL",28.791,-86.008,0.71
42039,2011-06-30 21:00:00,"115NM East Southeast of Pensacola, FL",28.791,-86.008,0.69
42039,2011-06-30 22:00:00,"115NM East Southeast of Pensacola, FL",28.791,-86.008,0.67
42039,2011-07-01 00:00:00,"115NM East Southeast of Pensacola, FL",28.791,-86.008,0.62
42039,2011-07-01 03:00:00,"115NM East Southeast of Pensacola, FL",28.791,-86.008,0.52
42039,2011-07-01 06:00:00,"115NM East Southeast of Pensacola, FL",28.791,-86.008,0.57
42039,2011-07-01 08:00:00,"115NM East Southeast of Pensacola, FL",28.791,-86.008,0.52
42039,2011-07-01 14:00:00,"115NM East Southeast of Pensacola, FL",28.791,-86.008,0.68
42039,2011-07-01 15:00:00,"115NM East Southeast of Pensacola, FL",28.791,-86.008,0.66
42039,2011-07-01 16:00:00,"115NM East Southeast of Pensacola, FL",28.791,-86.008,0.63
42039,2011-07-01 18:00:00,"115NM East Southeast of Pensacola, FL",28.791,-86.008,0.54
42039,2011-07-02 13:00:00,"115NM East Southeast of Pensacola, FL",28.791,-86.008,0.49
42039,2011-07-02 16:00:00,"115NM East Southeast of Pensacola, FL",28.791,-86.008,0.51
42039,2011-07-02 17:00:00,"115NM East Southeast of Pensacola, FL",28.791,-86.008,0.45
42039,2011-07-02 18:00:00,"115NM East Southeast of Pensacola, FL",28.791,-86.008,0.42
42039,2011-07-02 19:00:00,"115NM East Southeast of Pensacola, FL",28.791,-86.008,0.44
42040,2011-06-28 20:00:00,"42040 MOBILE SOUTH 64 nm South of Dauphin Island, AL",29.212,-88.207,1.0
42040,2011-06-29 17:00:00,"42040 MOBILE SOUTH 64 nm South of Dauphin Island, AL",29.212,-88.207,0.89
42040,2011-06-29 18:00:00,"42040 MOBILE SOUTH 64 nm South of Dauphin Island, AL",29.212,-88.207,0.98
42040,2011-06-29 19:00:00,"42040 MOBILE SOUTH 64 nm South of Dauphin Island, AL",29.212,-88.207,0.92
42040,2011-06-29 21:00:00,"42040 MOBILE SOUTH 64 nm South of Dauphin Island, AL",29.212,-88.207,0.8
42040,2011-06-29 22:00:00,"42040 MOBILE SOUTH 64 nm South of Dauphin Island, AL",29.212,-88.207,0.87
42040,2011-06-30 08:00:00,"42040 MOBILE SOUTH 64 nm South of Dauphin Island, AL",29.212,-88.207,0.66
42040,2011-06-30 11:00:00,"42040 MOBILE SOUTH 64 nm South of Dauphin Island, AL",29.212,-88.207,0.53
42040,2011-06-30 17:00:00,"42040 MOBILE SOUTH 64 nm South of Dauphin Island, AL",29.212,-88.207,0.55
42040,2011-06-30 19:00:00,"42040 MOBILE SOUTH 64 nm South of Dauphin Island, AL",29.212,-88.207,0.54
42040,2011-06-30 21:00:00,"42040 MOBILE SOUTH 64 nm South of Dauphin Island, AL",29.212,-88.207,0.5
42040,2011-06-30 22:00:00,"42040 MOBILE SOUTH 64 nm South of Dauphin Island, AL",29.212,-88.207,0.49
42040,2011-07-01 00:00:00,"42040 MOBILE SOUTH 64 nm South of Dauphin Island, AL",29.212,-88.207,0.55
42040,2011-07-01 03:00:00,"42040 MOBILE SOUTH 64 nm South of Dauphin Island, AL",29.212,-88.207,0.56
42040,2011-07-01 06:00:00,"42040 MOBILE SOUTH 64 nm South of Dauphin Island, AL",29.212,-88.207,0.62
42040,2011-07-01 08:00:00,"42040 MOBILE SOUTH 64 nm South of Dauphin Island, AL",29.212,-88.207,0.7
42040,2011-07-01 14:00:00,"42040 MOBILE SOUTH 64 nm South of Dauphin Island, AL",29.212,-88.207,0.67
42040,2011-07-01 15:00:00,"42040 MOBILE SOUTH 64 nm South of Dauphin Island, AL",29.212,-88.207,0.67
42040,2011-07-01 16:00:00,"42040 MOBILE SOUTH 64 nm South of Dauphin Island, AL",29.212,-88.207,0.67
42040,2011-07-01 18:00:00,"42040 MOBILE SOUTH 64 nm South of Dauphin Island, AL",29.212,-88.207,0.68
42040,2011-07-02 13:00:00,"42040 MOBILE SOUTH 64 nm South of Dauphin Island, AL",29.212,-88.207,0.56
42040,2011-07-02 16:00:00,"42040 MOBILE SOUTH 64 nm South of Dauphin Island, AL",29.212,-88.207,0.49
42040,2011-07-02 17:00:00,"42040 MOBILE SOUTH 64 nm South of Dauphin Island, AL",29.212,-88.207,0.54
42040,2011-07-02 18:00:00,"42040 MOBILE SOUTH 64 nm South of Dauphin Island, AL",29.212,-88.207,0.51
42040,2011-07-02 19:00:00,"42040 MOBILE SOUTH 64 nm South of Dauphin Island, AL",29.212,-88.207,0.48
42055,2011-06-28 20:00:00,42055 Bay of Campeche,22.017,-94.046,2.68
42055,2011-06-29 17:00:00,42055 Bay of Campeche,22.017,-94.046,3.5
42055,2011-06-29 18:00:00,42055 Bay of Campeche,22.017,-94.046,3.94
42055,2011-06-29 19:00:00,42055 Bay of Campeche,22.017,-94.046,4.11
42055,2011-06-29 21:00:00,42055 Bay of Campeche,22.017,-94.046,4.48
42055,2011-06-29 22:00:00,42055 Bay of Campeche,22.017,-94.046,4.19
42055,2011-06-30 08:00:00,42055 Bay of Campeche,22.017,-94.046,3.6
42055,2011-06-30 11:00:00,42055 Bay of Campeche,22.017,-94.046,3.07
42055,2011-06-30 17:00:00,42055 Bay of Campeche,22.017,-94.046,3.13
42055,2011-06-30 19:00:00,42055 Bay of Campeche,22.017,-94.046,2.72
42055,2011-06-30 21:00:00,42055 Bay of Campeche,22.017,-94.046,2.76
42055,2011-06-30 22:00:00,42055 Bay of Campeche,22.017,-94.046,2.66
42055,2011-07-01 00:00:00,42055 Bay of Campeche,22.017,-94.046,2.73
42055,2011-07-01 03:00:00,42055 Bay of Campeche,22.017,-94.046,2.61
42055,2011-07-01 06:00:00,42055 Bay of Campeche,22.017,-94.046,2.48
42055,2011-07-01 08:00:00,42055 Bay of Campeche,22.017,-94.046,2.15
42055,2011-07-01 14:00:00,42055 Bay of Campeche,22.017,-94.046,2.41
42055,2011-07-01 15:00:00,42055 Bay of Campeche,22.017,-94.046,2.29
42055,2011-07-01 16:00:00,42055 Bay of Campeche,22.017,-94.046,2.29
42055,2011-07-01 18:00:00,42055 Bay of Campeche,22.017,-94.046,1.98
42055,2011-07-02 13:00:00,42055 Bay of Campeche,22.017,-94.046,1.6
42055,2011-07-02 16:00:00,42055 Bay of Campeche,22.017,-94.046,1.88
42055,2011-07-02 17:00:00,42055 Bay of Campeche,22.017,-94.046,1.85
42055,2011-07-02 18:00:00,42055 Bay of Campeche,22.017,-94.046,1.85
42055,2011-07-02 19:00:00,42055 Bay of Campeche,22.017,-94.046,1.75
42056,2011-06-28 20:00:00,42056 Yucatan Basin,19.874,-85.059,1.97
42056,2011-06-29 17:00:00,42056 Yucatan Basin,19.874,-85.059,1.63
42056,2011-06-29 18:00:00,42056 Yucatan Basin,19.874,-85.059,1.68
42056,2011-06-29 19:00:00,42056 Yucatan Basin,19.874,-85.059,1.63
42056,2011-06-29 21:00:00,42056 Yucatan Basin,19.874,-85.059,1.59
42056,2011-06-29 22:00:00,42056 Yucatan Basin,19.874,-85.059,1.45
42056,2011-06-30 08:00:00,42056 Yucatan Basin,19.874,-85.059,1.64
42056,2011-06-30 11:00:00,42056 Yucatan Basin,19.874,-85.059,1.7
42056,2011-06-30 17:00:00,42056 Yucatan Basin,19.874,-85.059,1.63
42056,2011-06-30 19:00:00,42056 Yucatan Basin,19.874,-85.059,1.61
42056,2011-06-30 21:00:00,42056 Yucatan Basin,19.874,-85.059,1.72
42056,2011-06-30 22:00:00,42056 Yucatan Basin,19.874,-85.059,1.61
42056,2011-07-01 00:00:00,42056 Yucatan Basin,19.874,-85.059,1.58
42056,2011-07-01 03:00:00,42056 Yucatan Basin,19.874,-85.059,1.53
42056,2011-07-01 06:00:00,42056 Yucatan Basin,19.874,-85.059,1.51
42056,2011-07-01 08:00:00,42056 Yucatan Basin,19.874,-85.059,1.5
42056,2011-07-01 14:00:00,42056 Yucatan Basin,19.874,-85.059,1.48
42056,2011-07-01 15:00:00,42056 Yucatan Basin,19.874,-85.059,1.54
42056,2011-07-01 16:00:00,42056 Yucatan Basin,19.874,-85.059,1.48
42056,2011-07-01 18:00:00,42056 Yucatan Basin,19.874,-85.059,1.47
42056,2011-07-02 13:00:00,42056 Yucatan Basin,19.874,-85.059,1.05
42056,2011-07-02 16:00:00,42056 Yucatan Basin,19.874,-85.059,1.1
42056,2011-07-02 17:00:00,42056 Yucatan Basin,19.874,-85.059,1.14
42056,2011-07-02 18:00:00,42056 Yucatan Basin,19.874,-85.059,1.08
42056,2011-07-02 19:00:00,42056 Yucatan Basin,19.874,-85.059,1.07
42057,2011-06-28 20:00:00,42057 Western Caribbean,16.834,-81.501,1.87
42057,2011-06-29 17:00:00,42057 Western Caribbean,16.834,-81.501,1.58
42057,2011-06-29 18:00:00,42057 Western Caribbean,16.834,-81.501,1.64
42057,2011-06-29 19:00:00,42057 Western Caribbean,16.834,-81.501,1.71
42057,2011-06-29 21:00:00,42057 Western Caribbean,16.834,-81.501,1.65
42057,2011-06-29 22:00:00,42057 Western Caribbean,16.834,-81.501,1.63
42057,2011-06-30 08:00:00,42057 Western Caribbean,16.834,-81.501,1.7
42057,2011-06-30 11:00:00,42057 Western Caribbean,16.834,-81.501,1.78
42057,2011-06-30 17:00:00,42057 Western Caribbean,16.834,-81.501,2.02
42057,2011-06-30 19:00:00,42057 Western Caribbean,16.834,-81.501,2.07
42057,2011-06-30 21:00:00,42057 Western Caribbean,16.834,-81.501,2.01
42057,2011-06-30 22:00:00,42057 Western Caribbean,16.834,-81.501,2.05
42057,2011-07-01 00:00:00,42057 Western Caribbean,16.834,-81.501,1.92
42057,2011-07-01 03:00:00,42057 Western Caribbean,16.834,-81.501,2.08
42057,2011-07-01 06:00:00,42057 Western Caribbean,16.834,-81.501,1.9
42057,2011-07-01 08:00:00,42057 Western Caribbean,16.834,-81.501,1.89
42057,2011-07-01 14:00:00,42057 Western Caribbean,16.834,-81.501,2.03
42057,2011-07-01 15:00:00,42057 Western Caribbean,16.834,-81.501,2.07
42057,2011-07-01 16:00:00,42057 Western Caribbean,16.834,-81.501,2.12
42057,2011-07-01 18:00:00,42057 Western Caribbean,16.834,-81.501,2.02
42057,2011-07-02 13:00:00,42057 Western Caribbean,16.834,-81.501,1.3
42057,2011-07-02 16:00:00,42057 Western Caribbean,16.834,-81.501,1.24
42057,2011-07-02 17:00:00,42057 Western Caribbean,16.834,-81.501,1.19
42057,2011-07-02 18:00:00,42057 Western Caribbean,16.834,-81.501,1.22
42057,2011-07-02 19:00:00,42057 Western Caribbean,16.834,-81.501,1.17
42058,2011-06-28 20:00:00,42058 Central Caribbean,14.923,-74.918,2.74
42058,2011-06-29 17:00:00,42058 Central Caribbean,14.923,-74.918,2.63
42058,2011-06-29 18:00:00,42058 Central Caribbean,14.923,-74.918,2.85
42058,2011-06-29 19:00:00,42058 Central Caribbean,14.923,-74.918,2.75
42058,2011-06-29 21:00:00,42058 Central Caribbean,14.923,-74.918,2.92
42058,2011-06-29 22:00:00,42058 Central Caribbean,14.923,-74.918,2.6
42058,2011-06-30 08:00:00,42058 Central Caribbean,14.923,-74.918,2.74
42058,2011-06-30 11:00:00,42058 Central Caribbean,14.923,-74.918,2.74
42058,2011-06-30 17:00:00,42058 Central Caribbean,14.923,-74.918,2.9
42058,2011-06-30 19:00:00,42058 Central Caribbean,14.923,-74.918,2.88
42058,2011-06-30 21:00:00,42058 Central Caribbean,14.923,-74.918,2.82
42058,2011-06-30 22:00:00,42058 Central Caribbean,14.923,-74.918,2.69
42058,2011-07-01 00:00:00,42058 Central Caribbean,14.923,-74.918,2.47
42058,2011-07-01 03:00:00,42058 Central Caribbean,14.923,-74.918,2.43
42058,2011-07-01 06:00:00,42058 Central Caribbean,14.923,-74.918,2.74
42058,2011-07-01 08:00:00,42058 Central Caribbean,14.923,-74.918,2.64
42058,2011-07-01 14:00:00,42058 Central Caribbean,14.923,-74.918,2.64
42058,2011-07-01 15:00:00,42058 Central Caribbean,14.923,-74.918,2.42
42058,2011-07-01 16:00:00,42058 Central Caribbean,14.923,-74.918,2.31
42058,2011-07-01 18:00:00,42058 Central Caribbean,14.923,-74.918,2.1
42058,2011-07-02 13:00:00,42058 Central Caribbean,14.923,-74.918,2.25
42058,2011-07-02 16:00:00,42058 Central Caribbean,14.923,-74.918,2.33
42058,2011-07-02 17:00:00,42058 Central Caribbean,14.923,-74.918,2.17
42058,2011-07-02 18:00:00,42058 Central Caribbean,14.923,-74.918,2.18
42058,2011-07-02 19:00:00,42058 Central Caribbean,14.923,-74.918,2.24
42059,2011-06-28 20:00:00,42059 Eastern Caribbean,15.054,-67.472,1.82
42059,2011-06-29 17:00:00,42059 Eastern Caribbean,15.054,-67.472,2.22
42059,2011-06-29 18:00:00,42059 Eastern Caribbean,15.054,-67.472,2.06
42059,2011-06-29 19:00:00,42059 Eastern Caribbean,15.054,-67.472,2.08
42059,2011-06-29 21:00:00,42059 Eastern Caribbean,15.054,-67.472,2.08
42059,2011-06-29 22:00:00,42059 Eastern Caribbean,15.054,-67.472,2.04
42059,2011-06-30 08:00:00,42059 Eastern Caribbean,15.054,-67.472,2.09
42059,2011-06-30 11:00:00,42059 Eastern Caribbean,15.054,-67.472,1.99
42059,2011-06-30 17:00:00,42059 Eastern Caribbean,15.054,-67.472,1.97
42059,2011-06-30 19:00:00,42059 Eastern Caribbean,15.054,-67.472,2.09
42059,2011-06-30 21:00:00,42059 Eastern Caribbean,15.054,-67.472,1.96
42059,2011-06-30 22:00:00,42059 Eastern Caribbean,15.054,-67.472,2.2
42059,2011-07-01 00:00:00,42059 Eastern Caribbean,15.054,-67.472,2.02
42059,2011-07-01 03:00:00,42059 Eastern Caribbean,15.054,-67.472,2.18
42059,2011-07-01 06:00:00,42059 Eastern Caribbean,15.054,-67.472,2.07
42059,2011-07-01 08:00:00,42059 Eastern Caribbean,15.054,-67.472,1.96
42059,2011-07-01 14:00:00,42059 Eastern Caribbean,15.054,-67.472,2.29
42059,2011-07-01 15:00:00,42059 Eastern Caribbean,15.054,-67.472,2.31
42059,2011-07-01 16:00:00,42059 Eastern Caribbean,15.054,-67.472,2.29
42059,2011-07-01 18:00:00,42059 Eastern Caribbean,15.054,-67.472,2.18
42059,2011-07-02 13:00:00,42059 Eastern Caribbean,15.054,-67.472,1.82
42059,2011-07-02 16:00:00,42059 Eastern Caribbean,15.054,-67.472,1.9
42059,2011-07-02 17:00:00,42059 Eastern Caribbean,15.054,-67.472,1.66
42059,2011-07-02 18:00:00,42059 Eastern Caribbean,15.054,-67.472,1.73
42059,2011-07-02 19:00:00,42059 Eastern Caribbean,15.054,-67.472,1.45
42060,2011-06-28 20:00:00,42060 Eastern Caribbean,16.5,-63.5,1.81
42060,2011-06-29 17:00:00,42060 Eastern Caribbean,16.5,-63.5,1.79
42060,2011-06-29 18:00:00,42060 Eastern Caribbean,16.5,-63.5,1.65
42060,2011-06-29 19:00:00,42060 Eastern Caribbean,16.5,-63.5,1.46
42060,2011-06-29 21:00:00,42060 Eastern Caribbean,16.5,-63.5,1.73
42060,2011-06-29 22:00:00,42060 Eastern Caribbean,16.5,-63.5,1.79
42060,2011-06-30 08:00:00,42060 Eastern Caribbean,16.5,-63.5,1.8
42060,2011-06-30 11:00:00,42060 Eastern Caribbean,16.5,-63.5,2.1
42060,2011-06-30 17:00:00,42060 Eastern Caribbean,16.5,-63.5,2.0
42060,2011-06-30 19:00:00,42060 Eastern Caribbean,16.5,-63.5,1.76
42060,2011-06-30 21:00:00,42060 Eastern Caribbean,16.5,-63.5,1.86
42060,2011-06-30 22:00:00,42060 Eastern Caribbean,16.5,-63.5,2.0
42060,2011-07-01 00:00:00,42060 Eastern Caribbean,16.5,-63.5,2.37
42060,2011-07-01 03:00:00,42060 Eastern Caribbean,16.5,-63.5,2.27
42060,2011-07-01 06:00:00,42060 Eastern Caribbean,16.5,-63.5,1.94
42060,2011-07-01 08:00:00,42060 Eastern Caribbean,16.5,-63.5,2.12
42060,2011-07-01 14:00:00,42060 Eastern Caribbean,16.5,-63.5,2.35
42060,2011-07-01 15:00:00,42060 Eastern Caribbean,16.5,-63.5,2.28
42060,2011-07-01 16:00:00,42060 Eastern Caribbean,16.5,-63.5,2.39
42060,2011-07-01 18:00:00,42060 Eastern Caribbean,16.5,-63.5,2.03
42060,2011-07-02 13:00:00,42060 Eastern Caribbean,16.5,-63.5,1.26
42060,2011-07-02 16:00:00,42060 Eastern Caribbean,16.5,-63.5,1.12
42060,2011-07-02 17:00:00,42060 Eastern Caribbean,16.5,-63.5,1.22
42060,2011-07-02 18:00:00,42060 Eastern Caribbean,16.5,-63.5,1.13
42060,2011-07-02 19:00:00,42060 Eastern Caribbean,16.5,-63.5,1.08
42065,2011-06-28 20:00:00,42065 Near 42058 Central Caribbean,14.926,-75.046,2.67
42065,2011-06-29 17:00:00,42065 Near 42058 Central Caribbean,14.926,-75.046,2.65
42065,2011-06-29 18:00:00,42065 Near 42058 Central Caribbean,14.926,-75.046,2.63
42065,2011-06-29 19:00:00,42065 Near 42058 Central Caribbean,14.926,-75.046,2.9
42065,2011-06-29 21:00:00,42065 Near 42058 Central Caribbean,14.926,-75.046,2.82
42065,2011-06-29 22:00:00,42065 Near 42058 Central Caribbean,14.926,-75.046,2.86
42065,2011-06-30 08:00:00,42065 Near 42058 Central Caribbean,14.926,-75.046,2.83
42065,2011-06-30 11:00:00,42065 Near 42058 Central Caribbean,14.926,-75.046,3.17
42065,2011-06-30 17:00:00,42065 Near 42058 Central Caribbean,14.926,-75.046,3.13
42065,2011-06-30 19:00:00,42065 Near 42058 Central Caribbean,14.926,-75.046,2.78
42065,2011-06-30 21:00:00,42065 Near 42058 Central Caribbean,14.926,-75.046,2.87
42065,2011-06-30 22:00:00,42065 Near 42058 Central Caribbean,14.926,-75.046,2.74
42065,2011-07-01 00:00:00,42065 Near 42058 Central Caribbean,14.926,-75.046,2.86
42065,2011-07-01 03:00:00,42065 Near 42058 Central Caribbean,14.926,-75.046,2.45
42065,2011-07-01 06:00:00,42065 Near 42058 Central Caribbean,14.926,-75.046,2.86
42065,2011-07-01 08:00:00,42065 Near 42058 Central Caribbean,14.926,-75.046,2.81
42065,2011-07-01 14:00:00,42065 Near 42058 Central Caribbean,14.926,-75.046,2.4
42065,2011-07-01 15:00:00,42065 Near 42058 Central Caribbean,14.926,-75.046,2.57
42065,2011-07-01 16:00:00,42065 Near 42058 Central Caribbean,14.926,-75.046,2.35
42065,2011-07-01 18:00:00,42065 Near 42058 Central Caribbean,14.926,-75.046,2.37
42065,2011-07-02 13:00:00,42065 Near 42058 Central Caribbean,14.926,-75.046,2.37
42065,2011-07-02 16:00:00,42065 Near 42058 Central Caribbean,14.926,-75.046,2.26
42065,2011-07-02 17:00:00,42065 Near 42058 Central Caribbean,14.926,-75.046,2.27
42065,2011-07-02 18:00:00,42065 Near 42058 Central Caribbean,14.926,-75.046,2.34
42065,2011-07-02 19:00:00,42065 Near 42058 Central Caribbean,14.926,-75.046,2.26
